target_time,split_code,recommended_patrols,maximum_priority_score,mean_selected_confidence,deployment_status
2024-02-23 16:00:00+05:30,2,0,,,no_deployment_recommended
2024-02-23 17:00:00+05:30,2,0,,,no_deployment_recommended
2024-02-23 18:00:00+05:30,2,0,,,no_deployment_recommended
2024-02-23 19:00:00+05:30,2,0,,,no_deployment_recommended
2024-02-23 20:00:00+05:30,2,0,,,no_deployment_recommended
2024-02-23 21:00:00+05:30,2,0,,,no_deployment_recommended
2024-02-23 22:00:00+05:30,2,1,1.0745263,0.9099716,deployment_recommended
2024-02-23 23:00:00+05:30,2,2,0.75158703,0.90314716,deployment_recommended
2024-02-24 00:00:00+05:30,2,5,2.1791337,0.91617316,deployment_recommended
2024-02-24 01:00:00+05:30,2,12,6.182768,0.90935427,deployment_recommended
2024-02-24 02:00:00+05:30,2,25,4.383633,0.8668837,deployment_recommended
2024-02-24 03:00:00+05:30,2,25,3.4598231,0.8461071,deployment_recommended
2024-02-24 04:00:00+05:30,2,25,4.3359437,0.8518105,deployment_recommended
2024-02-24 05:00:00+05:30,2,25,9.322348,0.872689,deployment_recommended
2024-02-24 06:00:00+05:30,2,25,5.018602,0.8842893,deployment_recommended
2024-02-24 07:00:00+05:30,2,25,5.6699543,0.888192,deployment_recommended
2024-02-24 08:00:00+05:30,2,25,7.139605,0.871563,deployment_recommended
2024-02-24 09:00:00+05:30,2,25,3.1795075,0.8716959,deployment_recommended
2024-02-24 10:00:00+05:30,2,25,4.6814833,0.8910744,deployment_recommended
2024-02-24 11:00:00+05:30,2,25,6.5107174,0.89234805,deployment_recommended
2024-02-24 12:00:00+05:30,2,25,7.6372256,0.8804215,deployment_recommended
2024-02-24 13:00:00+05:30,2,25,3.5201623,0.8692396,deployment_recommended
2024-02-24 14:00:00+05:30,2,18,2.9056501,0.8445771,deployment_recommended
2024-02-24 15:00:00+05:30,2,2,1.0402246,0.85262096,deployment_recommended
2024-02-24 16:00:00+05:30,2,2,0.6585306,0.6308342,deployment_recommended
2024-02-24 17:00:00+05:30,2,1,1.1137577,0.9130038,deployment_recommended
2024-02-24 18:00:00+05:30,2,0,,,no_deployment_recommended
2024-02-24 19:00:00+05:30,2,0,,,no_deployment_recommended
2024-02-24 20:00:00+05:30,2,0,,,no_deployment_recommended
2024-02-24 21:00:00+05:30,2,0,,,no_deployment_recommended
2024-02-24 22:00:00+05:30,2,0,,,no_deployment_recommended
2024-02-24 23:00:00+05:30,2,0,,,no_deployment_recommended
2024-02-25 00:00:00+05:30,2,9,1.708641,0.8705076,deployment_recommended
2024-02-25 01:00:00+05:30,2,14,5.7615047,0.9018674,deployment_recommended
2024-02-25 02:00:00+05:30,2,21,6.304184,0.88535833,deployment_recommended
2024-02-25 03:00:00+05:30,2,25,3.9854136,0.8739069,deployment_recommended
2024-02-25 04:00:00+05:30,2,25,3.9525843,0.8585384,deployment_recommended
2024-02-25 05:00:00+05:30,2,25,4.686272,0.86842626,deployment_recommended
2024-02-25 06:00:00+05:30,2,25,7.290189,0.86257803,deployment_recommended
2024-02-25 07:00:00+05:30,2,25,5.443858,0.8741396,deployment_recommended
2024-02-25 08:00:00+05:30,2,25,7.3096905,0.8838419,deployment_recommended
2024-02-25 09:00:00+05:30,2,25,6.3772726,0.8936496,deployment_recommended
2024-02-25 10:00:00+05:30,2,25,8.471957,0.88941544,deployment_recommended
2024-02-25 11:00:00+05:30,2,25,6.3059645,0.8980601,deployment_recommended
2024-02-25 12:00:00+05:30,2,25,4.6846123,0.89821184,deployment_recommended
2024-02-25 13:00:00+05:30,2,25,2.538235,0.8306421,deployment_recommended
2024-02-25 14:00:00+05:30,2,19,3.1871052,0.8684748,deployment_recommended
2024-02-25 15:00:00+05:30,2,4,2.4972234,0.7845026,deployment_recommended
2024-02-25 16:00:00+05:30,2,0,,,no_deployment_recommended
2024-02-25 17:00:00+05:30,2,0,,,no_deployment_recommended
2024-02-25 18:00:00+05:30,2,1,0.6243111,0.8674476,deployment_recommended
2024-02-25 19:00:00+05:30,2,0,,,no_deployment_recommended
2024-02-25 20:00:00+05:30,2,0,,,no_deployment_recommended
2024-02-25 21:00:00+05:30,2,0,,,no_deployment_recommended
2024-02-25 22:00:00+05:30,2,1,0.6008664,0.9099716,deployment_recommended
2024-02-25 23:00:00+05:30,2,1,0.7992067,0.8963227,deployment_recommended
2024-02-26 00:00:00+05:30,2,8,4.751585,0.8639714,deployment_recommended
2024-02-26 01:00:00+05:30,2,13,5.521703,0.91314036,deployment_recommended
2024-02-26 02:00:00+05:30,2,17,7.0914826,0.86409694,deployment_recommended
2024-02-26 03:00:00+05:30,2,24,7.7234635,0.8916855,deployment_recommended
2024-02-26 04:00:00+05:30,2,25,3.044512,0.876012,deployment_recommended
2024-02-26 05:00:00+05:30,2,25,4.509406,0.88054854,deployment_recommended
2024-02-26 06:00:00+05:30,2,25,5.3897343,0.8957367,deployment_recommended
2024-02-26 07:00:00+05:30,2,25,3.8770282,0.88977724,deployment_recommended
2024-02-26 08:00:00+05:30,2,25,4.3723946,0.9010612,deployment_recommended
2024-02-26 09:00:00+05:30,2,25,5.110985,0.891712,deployment_recommended
2024-02-26 10:00:00+05:30,2,25,6.7751455,0.887229,deployment_recommended
2024-02-26 11:00:00+05:30,2,25,5.7083554,0.8651715,deployment_recommended
2024-02-26 12:00:00+05:30,2,25,6.6193633,0.8658082,deployment_recommended
2024-02-26 13:00:00+05:30,2,25,3.5515132,0.8591227,deployment_recommended
2024-02-26 14:00:00+05:30,2,15,2.0775285,0.86426866,deployment_recommended
2024-02-26 15:00:00+05:30,2,2,0.80684686,0.8577248,deployment_recommended
2024-02-26 16:00:00+05:30,2,2,1.0792619,0.7753614,deployment_recommended
2024-02-26 17:00:00+05:30,2,0,,,no_deployment_recommended
2024-02-26 18:00:00+05:30,2,0,,,no_deployment_recommended
2024-02-26 19:00:00+05:30,2,0,,,no_deployment_recommended
2024-02-26 20:00:00+05:30,2,0,,,no_deployment_recommended
2024-02-26 21:00:00+05:30,2,0,,,no_deployment_recommended
2024-02-26 22:00:00+05:30,2,0,,,no_deployment_recommended
2024-02-26 23:00:00+05:30,2,1,0.8758207,0.9099716,deployment_recommended
2024-02-27 00:00:00+05:30,2,4,2.147111,0.91449904,deployment_recommended
2024-02-27 01:00:00+05:30,2,15,6.906686,0.91158897,deployment_recommended
2024-02-27 02:00:00+05:30,2,19,5.5893345,0.86089015,deployment_recommended
2024-02-27 03:00:00+05:30,2,25,3.5638313,0.8616124,deployment_recommended
2024-02-27 04:00:00+05:30,2,25,5.4709625,0.85869086,deployment_recommended
2024-02-27 05:00:00+05:30,2,25,4.458349,0.87977445,deployment_recommended
2024-02-27 06:00:00+05:30,2,25,9.422747,0.86434203,deployment_recommended
2024-02-27 07:00:00+05:30,2,25,4.8719234,0.89052546,deployment_recommended
2024-02-27 08:00:00+05:30,2,25,4.404187,0.88133186,deployment_recommended
2024-02-27 09:00:00+05:30,2,25,5.993723,0.8998244,deployment_recommended
2024-02-27 10:00:00+05:30,2,25,8.858938,0.8828114,deployment_recommended
2024-02-27 11:00:00+05:30,2,25,7.0686483,0.8386335,deployment_recommended
2024-02-27 12:00:00+05:30,2,25,6.032449,0.8721435,deployment_recommended
2024-02-27 13:00:00+05:30,2,23,2.782323,0.9010991,deployment_recommended
2024-02-27 14:00:00+05:30,2,6,1.3638097,0.897739,deployment_recommended
2024-02-27 15:00:00+05:30,2,0,,,no_deployment_recommended
2024-02-27 16:00:00+05:30,2,2,1.1666517,0.9149248,deployment_recommended
2024-02-27 17:00:00+05:30,2,0,,,no_deployment_recommended
2024-02-27 18:00:00+05:30,2,0,,,no_deployment_recommended
2024-02-27 19:00:00+05:30,2,0,,,no_deployment_recommended
2024-02-27 20:00:00+05:30,2,0,,,no_deployment_recommended
2024-02-27 21:00:00+05:30,2,0,,,no_deployment_recommended
2024-02-27 22:00:00+05:30,2,0,,,no_deployment_recommended
2024-02-27 23:00:00+05:30,2,0,,,no_deployment_recommended
2024-02-28 00:00:00+05:30,2,4,2.0138934,0.91449904,deployment_recommended
2024-02-28 01:00:00+05:30,2,13,5.8506265,0.9179862,deployment_recommended
2024-02-28 02:00:00+05:30,2,17,4.039313,0.8972725,deployment_recommended
2024-02-28 03:00:00+05:30,2,25,3.0360987,0.8329579,deployment_recommended
2024-02-28 04:00:00+05:30,2,25,3.1771865,0.8480116,deployment_recommended
2024-02-28 05:00:00+05:30,2,25,6.6685953,0.79387116,deployment_recommended
2024-02-28 06:00:00+05:30,2,25,3.914394,0.870136,deployment_recommended
2024-02-28 07:00:00+05:30,2,25,3.9144297,0.87056494,deployment_recommended
2024-02-28 08:00:00+05:30,2,25,4.6505384,0.903829,deployment_recommended
2024-02-28 09:00:00+05:30,2,25,4.021237,0.8875634,deployment_recommended
2024-02-28 10:00:00+05:30,2,25,13.318088,0.8976937,deployment_recommended
2024-02-28 11:00:00+05:30,2,25,5.235974,0.85654813,deployment_recommended
2024-02-28 12:00:00+05:30,2,25,5.2698383,0.8872981,deployment_recommended
2024-02-28 13:00:00+05:30,2,25,7.442827,0.8376132,deployment_recommended
2024-02-28 14:00:00+05:30,2,8,2.982302,0.8389374,deployment_recommended
2024-02-28 15:00:00+05:30,2,2,1.0390574,0.8668438,deployment_recommended
2024-02-28 16:00:00+05:30,2,0,,,no_deployment_recommended
2024-02-28 17:00:00+05:30,2,1,1.0458337,0.8963227,deployment_recommended
2024-02-28 18:00:00+05:30,2,0,,,no_deployment_recommended
2024-02-28 19:00:00+05:30,2,0,,,no_deployment_recommended
2024-02-28 20:00:00+05:30,2,0,,,no_deployment_recommended
2024-02-28 21:00:00+05:30,2,0,,,no_deployment_recommended
2024-02-28 22:00:00+05:30,2,1,0.9632392,0.8963227,deployment_recommended
2024-02-28 23:00:00+05:30,2,2,2.8353176,0.90280676,deployment_recommended
2024-02-29 00:00:00+05:30,2,7,5.181715,0.91083723,deployment_recommended
2024-02-29 01:00:00+05:30,2,16,6.9877167,0.9062382,deployment_recommended
2024-02-29 02:00:00+05:30,2,22,4.9516034,0.88053536,deployment_recommended
2024-02-29 03:00:00+05:30,2,25,4.8261666,0.8798122,deployment_recommended
2024-02-29 04:00:00+05:30,2,25,7.045181,0.78731555,deployment_recommended
2024-02-29 05:00:00+05:30,2,25,8.882754,0.8681426,deployment_recommended
2024-02-29 06:00:00+05:30,2,25,4.826251,0.88498896,deployment_recommended
2024-02-29 07:00:00+05:30,2,25,3.2672398,0.8614086,deployment_recommended
2024-02-29 08:00:00+05:30,2,25,5.838192,0.87796736,deployment_recommended
2024-02-29 09:00:00+05:30,2,25,4.3868737,0.84498495,deployment_recommended
2024-02-29 10:00:00+05:30,2,25,7.6679034,0.85179496,deployment_recommended
2024-02-29 11:00:00+05:30,2,25,9.090667,0.87275296,deployment_recommended
2024-02-29 12:00:00+05:30,2,25,4.0871973,0.86488557,deployment_recommended
2024-02-29 13:00:00+05:30,2,25,3.8182628,0.87369674,deployment_recommended
2024-02-29 14:00:00+05:30,2,9,1.7579548,0.8709553,deployment_recommended
2024-02-29 15:00:00+05:30,2,2,0.95900774,0.93148255,deployment_recommended
2024-02-29 16:00:00+05:30,2,0,,,no_deployment_recommended
2024-02-29 17:00:00+05:30,2,0,,,no_deployment_recommended
2024-02-29 18:00:00+05:30,2,0,,,no_deployment_recommended
2024-02-29 19:00:00+05:30,2,0,,,no_deployment_recommended
2024-02-29 20:00:00+05:30,2,0,,,no_deployment_recommended
2024-02-29 21:00:00+05:30,2,0,,,no_deployment_recommended
2024-02-29 22:00:00+05:30,2,1,0.62606823,0.9099716,deployment_recommended
2024-02-29 23:00:00+05:30,2,2,0.9389241,0.90314716,deployment_recommended
2024-03-01 00:00:00+05:30,2,7,2.324112,0.9191638,deployment_recommended
2024-03-01 01:00:00+05:30,2,17,9.459699,0.91650486,deployment_recommended
2024-03-01 02:00:00+05:30,2,25,3.467223,0.8865197,deployment_recommended
2024-03-01 03:00:00+05:30,2,25,4.217071,0.8602559,deployment_recommended
2024-03-01 04:00:00+05:30,2,25,3.4482741,0.8474329,deployment_recommended
2024-03-01 05:00:00+05:30,2,25,2.8715396,0.8740068,deployment_recommended
2024-03-01 06:00:00+05:30,2,25,3.6093628,0.8911892,deployment_recommended
2024-03-01 07:00:00+05:30,2,25,3.1625934,0.89378947,deployment_recommended
2024-03-01 08:00:00+05:30,2,25,4.305975,0.8642415,deployment_recommended
2024-03-01 09:00:00+05:30,2,25,4.701865,0.9009743,deployment_recommended
2024-03-01 10:00:00+05:30,2,25,6.2211695,0.8919709,deployment_recommended
2024-03-01 11:00:00+05:30,2,25,4.9202614,0.8905001,deployment_recommended
2024-03-01 12:00:00+05:30,2,25,4.9568152,0.8998347,deployment_recommended
2024-03-01 13:00:00+05:30,2,25,3.4695554,0.86323225,deployment_recommended
2024-03-01 14:00:00+05:30,2,7,3.7366557,0.86913264,deployment_recommended
2024-03-01 15:00:00+05:30,2,2,3.6880603,0.9424455,deployment_recommended
2024-03-01 16:00:00+05:30,2,0,,,no_deployment_recommended
2024-03-01 17:00:00+05:30,2,0,,,no_deployment_recommended
2024-03-01 18:00:00+05:30,2,0,,,no_deployment_recommended
2024-03-01 19:00:00+05:30,2,0,,,no_deployment_recommended
2024-03-01 20:00:00+05:30,2,0,,,no_deployment_recommended
2024-03-01 21:00:00+05:30,2,0,,,no_deployment_recommended
2024-03-01 22:00:00+05:30,2,1,1.2030857,0.9099716,deployment_recommended
2024-03-01 23:00:00+05:30,2,0,,,no_deployment_recommended
2024-03-02 00:00:00+05:30,2,5,1.4113532,0.9185632,deployment_recommended
2024-03-02 01:00:00+05:30,2,14,7.4557743,0.9044291,deployment_recommended
2024-03-02 02:00:00+05:30,2,17,5.0036583,0.901123,deployment_recommended
2024-03-02 03:00:00+05:30,2,25,5.2709093,0.8541619,deployment_recommended
2024-03-02 04:00:00+05:30,2,25,8.438521,0.85124105,deployment_recommended
2024-03-02 05:00:00+05:30,2,25,11.425065,0.88621897,deployment_recommended
2024-03-02 06:00:00+05:30,2,25,6.3320494,0.883312,deployment_recommended
2024-03-02 07:00:00+05:30,2,25,3.15248,0.8847203,deployment_recommended
2024-03-02 08:00:00+05:30,2,25,5.353179,0.88250196,deployment_recommended
2024-03-02 09:00:00+05:30,2,25,7.6454296,0.846484,deployment_recommended
2024-03-02 10:00:00+05:30,2,25,5.1943913,0.8927904,deployment_recommended
2024-03-02 11:00:00+05:30,2,25,3.6876523,0.8771918,deployment_recommended
2024-03-02 12:00:00+05:30,2,25,6.921985,0.88851786,deployment_recommended
2024-03-02 13:00:00+05:30,2,25,3.7199275,0.8641251,deployment_recommended
2024-03-02 14:00:00+05:30,2,8,4.102547,0.9107066,deployment_recommended
2024-03-02 15:00:00+05:30,2,3,1.4937775,0.88891286,deployment_recommended
2024-03-02 16:00:00+05:30,2,0,,,no_deployment_recommended
2024-03-02 17:00:00+05:30,2,0,,,no_deployment_recommended
2024-03-02 18:00:00+05:30,2,0,,,no_deployment_recommended
2024-03-02 19:00:00+05:30,2,0,,,no_deployment_recommended
2024-03-02 20:00:00+05:30,2,0,,,no_deployment_recommended
2024-03-02 21:00:00+05:30,2,0,,,no_deployment_recommended
2024-03-02 22:00:00+05:30,2,0,,,no_deployment_recommended
2024-03-02 23:00:00+05:30,2,3,4.1776633,0.89771324,deployment_recommended
2024-03-03 00:00:00+05:30,2,8,2.7863088,0.91036177,deployment_recommended
2024-03-03 01:00:00+05:30,2,16,7.0432897,0.91332406,deployment_recommended
2024-03-03 02:00:00+05:30,2,25,6.448618,0.8890281,deployment_recommended
2024-03-03 03:00:00+05:30,2,25,9.653082,0.8805681,deployment_recommended
2024-03-03 04:00:00+05:30,2,25,4.790018,0.8450151,deployment_recommended
2024-03-03 05:00:00+05:30,2,25,5.247246,0.8367911,deployment_recommended
2024-03-03 06:00:00+05:30,2,25,5.1397085,0.8828862,deployment_recommended
2024-03-03 07:00:00+05:30,2,25,4.4058666,0.8758667,deployment_recommended
2024-03-03 08:00:00+05:30,2,25,5.831891,0.8979896,deployment_recommended
2024-03-03 09:00:00+05:30,2,25,6.002657,0.86944246,deployment_recommended
2024-03-03 10:00:00+05:30,2,25,9.200613,0.88694626,deployment_recommended
2024-03-03 11:00:00+05:30,2,25,8.9262705,0.90059793,deployment_recommended
2024-03-03 12:00:00+05:30,2,25,10.052765,0.88803965,deployment_recommended
2024-03-03 13:00:00+05:30,2,25,3.0492573,0.86617357,deployment_recommended
2024-03-03 14:00:00+05:30,2,21,3.3790348,0.85031307,deployment_recommended
2024-03-03 15:00:00+05:30,2,5,1.4197688,0.9034524,deployment_recommended
2024-03-03 16:00:00+05:30,2,0,,,no_deployment_recommended
2024-03-03 17:00:00+05:30,2,0,,,no_deployment_recommended
2024-03-03 18:00:00+05:30,2,0,,,no_deployment_recommended
2024-03-03 19:00:00+05:30,2,1,0.7237432,0.7928488,deployment_recommended
2024-03-03 20:00:00+05:30,2,0,,,no_deployment_recommended
2024-03-03 21:00:00+05:30,2,0,,,no_deployment_recommended
2024-03-03 22:00:00+05:30,2,0,,,no_deployment_recommended
2024-03-03 23:00:00+05:30,2,2,1.0866146,0.90314716,deployment_recommended
2024-03-04 00:00:00+05:30,2,6,2.3065057,0.92104554,deployment_recommended
2024-03-04 01:00:00+05:30,2,14,5.1062217,0.9039579,deployment_recommended
2024-03-04 02:00:00+05:30,2,19,5.652992,0.88939035,deployment_recommended
2024-03-04 03:00:00+05:30,2,25,4.470928,0.8678833,deployment_recommended
2024-03-04 04:00:00+05:30,2,25,4.0743403,0.88666594,deployment_recommended
2024-03-04 05:00:00+05:30,2,25,6.206382,0.8259389,deployment_recommended
2024-03-04 06:00:00+05:30,2,25,5.1529417,0.88700247,deployment_recommended
2024-03-04 07:00:00+05:30,2,25,3.66183,0.9052802,deployment_recommended
2024-03-04 08:00:00+05:30,2,25,4.030704,0.87304574,deployment_recommended
2024-03-04 09:00:00+05:30,2,25,5.680593,0.89546263,deployment_recommended
2024-03-04 10:00:00+05:30,2,25,3.849132,0.8771385,deployment_recommended
2024-03-04 11:00:00+05:30,2,25,7.3421516,0.8941803,deployment_recommended
2024-03-04 12:00:00+05:30,2,25,5.114309,0.8881776,deployment_recommended
2024-03-04 13:00:00+05:30,2,24,4.3471146,0.8464234,deployment_recommended
2024-03-04 14:00:00+05:30,2,10,2.6662889,0.88683367,deployment_recommended
2024-03-04 15:00:00+05:30,2,2,1.3770474,0.92815876,deployment_recommended
2024-03-04 16:00:00+05:30,2,1,0.589555,0.9334572,deployment_recommended
2024-03-04 17:00:00+05:30,2,0,,,no_deployment_recommended
2024-03-04 18:00:00+05:30,2,0,,,no_deployment_recommended
2024-03-04 19:00:00+05:30,2,0,,,no_deployment_recommended
2024-03-04 20:00:00+05:30,2,0,,,no_deployment_recommended
2024-03-04 21:00:00+05:30,2,0,,,no_deployment_recommended
2024-03-04 22:00:00+05:30,2,0,,,no_deployment_recommended
2024-03-04 23:00:00+05:30,2,1,0.74554205,0.9099716,deployment_recommended
2024-03-05 00:00:00+05:30,2,6,1.6460562,0.91701776,deployment_recommended
2024-03-05 01:00:00+05:30,2,14,5.6265545,0.91974,deployment_recommended
2024-03-05 02:00:00+05:30,2,17,2.858464,0.9090632,deployment_recommended
2024-03-05 03:00:00+05:30,2,25,4.1389904,0.8819877,deployment_recommended
2024-03-05 04:00:00+05:30,2,25,3.834154,0.8378343,deployment_recommended
2024-03-05 05:00:00+05:30,2,25,5.269206,0.8895819,deployment_recommended
2024-03-05 06:00:00+05:30,2,25,6.0615535,0.8665912,deployment_recommended
2024-03-05 07:00:00+05:30,2,25,6.367287,0.8632118,deployment_recommended
2024-03-05 08:00:00+05:30,2,25,4.321207,0.9012295,deployment_recommended
2024-03-05 09:00:00+05:30,2,25,4.2971926,0.8934901,deployment_recommended
2024-03-05 10:00:00+05:30,2,25,8.304908,0.8673546,deployment_recommended
2024-03-05 11:00:00+05:30,2,25,7.196266,0.89448065,deployment_recommended
2024-03-05 12:00:00+05:30,2,25,4.431847,0.873739,deployment_recommended
2024-03-05 13:00:00+05:30,2,25,4.5892344,0.8681142,deployment_recommended
2024-03-05 14:00:00+05:30,2,12,1.8246667,0.84874684,deployment_recommended
2024-03-05 15:00:00+05:30,2,5,1.9458046,0.9103057,deployment_recommended
2024-03-05 16:00:00+05:30,2,0,,,no_deployment_recommended
2024-03-05 17:00:00+05:30,2,0,,,no_deployment_recommended
2024-03-05 18:00:00+05:30,2,0,,,no_deployment_recommended
2024-03-05 19:00:00+05:30,2,0,,,no_deployment_recommended
2024-03-05 20:00:00+05:30,2,0,,,no_deployment_recommended
2024-03-05 21:00:00+05:30,2,0,,,no_deployment_recommended
2024-03-05 22:00:00+05:30,2,0,,,no_deployment_recommended
2024-03-05 23:00:00+05:30,2,3,5.9333367,0.89771324,deployment_recommended
2024-03-06 00:00:00+05:30,2,7,2.4568768,0.89563906,deployment_recommended
2024-03-06 01:00:00+05:30,2,19,8.14725,0.86166954,deployment_recommended
2024-03-06 02:00:00+05:30,2,19,6.827963,0.8999861,deployment_recommended
2024-03-06 03:00:00+05:30,2,25,5.326561,0.84641296,deployment_recommended
2024-03-06 04:00:00+05:30,2,25,4.7454147,0.8019647,deployment_recommended
2024-03-06 05:00:00+05:30,2,25,5.238551,0.85603005,deployment_recommended
2024-03-06 06:00:00+05:30,2,25,5.3785915,0.8838316,deployment_recommended
2024-03-06 07:00:00+05:30,2,25,2.909029,0.88735336,deployment_recommended
2024-03-06 08:00:00+05:30,2,25,3.6218781,0.8839065,deployment_recommended
2024-03-06 09:00:00+05:30,2,25,7.173785,0.8857207,deployment_recommended
2024-03-06 10:00:00+05:30,2,25,19.88521,0.89594877,deployment_recommended
2024-03-06 11:00:00+05:30,2,25,9.329345,0.8701309,deployment_recommended
2024-03-06 12:00:00+05:30,2,25,11.182459,0.89469606,deployment_recommended
2024-03-06 13:00:00+05:30,2,25,5.3222885,0.8816564,deployment_recommended
2024-03-06 14:00:00+05:30,2,11,2.620571,0.86197054,deployment_recommended
2024-03-06 15:00:00+05:30,2,5,0.972701,0.9043934,deployment_recommended
2024-03-06 16:00:00+05:30,2,0,,,no_deployment_recommended
2024-03-06 17:00:00+05:30,2,0,,,no_deployment_recommended
2024-03-06 18:00:00+05:30,2,0,,,no_deployment_recommended
2024-03-06 19:00:00+05:30,2,0,,,no_deployment_recommended
2024-03-06 20:00:00+05:30,2,0,,,no_deployment_recommended
2024-03-06 21:00:00+05:30,2,0,,,no_deployment_recommended
2024-03-06 22:00:00+05:30,2,2,2.8133788,0.89840853,deployment_recommended
2024-03-06 23:00:00+05:30,2,2,4.2569885,0.90314716,deployment_recommended
2024-03-07 00:00:00+05:30,2,8,2.1470187,0.9153012,deployment_recommended
2024-03-07 01:00:00+05:30,2,15,5.967207,0.91661644,deployment_recommended
2024-03-07 02:00:00+05:30,2,24,5.2925797,0.9102457,deployment_recommended
2024-03-07 03:00:00+05:30,2,25,6.4767227,0.83891153,deployment_recommended
2024-03-07 04:00:00+05:30,2,25,11.266907,0.85553443,deployment_recommended
2024-03-07 05:00:00+05:30,2,25,6.631606,0.85367775,deployment_recommended
2024-03-07 06:00:00+05:30,2,25,4.6107564,0.87246436,deployment_recommended
2024-03-07 07:00:00+05:30,2,25,4.8554125,0.86947036,deployment_recommended
2024-03-07 08:00:00+05:30,2,25,6.9025474,0.895735,deployment_recommended
2024-03-07 09:00:00+05:30,2,25,12.097146,0.87290514,deployment_recommended
2024-03-07 10:00:00+05:30,2,25,7.2633276,0.8658644,deployment_recommended
2024-03-07 11:00:00+05:30,2,25,7.675814,0.8907556,deployment_recommended
2024-03-07 12:00:00+05:30,2,25,2.2542875,0.8941094,deployment_recommended
2024-03-07 13:00:00+05:30,2,18,1.7025659,0.88026786,deployment_recommended
2024-03-07 14:00:00+05:30,2,6,1.2963047,0.9250307,deployment_recommended
2024-03-07 15:00:00+05:30,2,2,1.524122,0.92815876,deployment_recommended
2024-03-07 16:00:00+05:30,2,2,1.762276,0.9239372,deployment_recommended
2024-03-07 17:00:00+05:30,2,0,,,no_deployment_recommended
2024-03-07 18:00:00+05:30,2,0,,,no_deployment_recommended
2024-03-07 19:00:00+05:30,2,0,,,no_deployment_recommended
2024-03-07 20:00:00+05:30,2,0,,,no_deployment_recommended
2024-03-07 21:00:00+05:30,2,0,,,no_deployment_recommended
2024-03-07 22:00:00+05:30,2,1,0.9972528,0.9099716,deployment_recommended
2024-03-07 23:00:00+05:30,2,2,2.4266622,0.90314716,deployment_recommended
2024-03-08 00:00:00+05:30,2,7,5.188282,0.91083723,deployment_recommended
2024-03-08 01:00:00+05:30,2,15,3.451852,0.90630287,deployment_recommended
2024-03-08 02:00:00+05:30,2,21,3.0068486,0.8594707,deployment_recommended
2024-03-08 03:00:00+05:30,2,25,5.4209414,0.84861964,deployment_recommended
2024-03-08 04:00:00+05:30,2,25,5.331208,0.82552695,deployment_recommended
2024-03-08 05:00:00+05:30,2,25,4.008772,0.8657494,deployment_recommended
2024-03-08 06:00:00+05:30,2,25,4.946041,0.89206415,deployment_recommended
2024-03-08 07:00:00+05:30,2,25,3.2363498,0.8679859,deployment_recommended
2024-03-08 08:00:00+05:30,2,25,4.0821586,0.8804517,deployment_recommended
2024-03-08 09:00:00+05:30,2,25,6.194989,0.8967157,deployment_recommended
2024-03-08 10:00:00+05:30,2,25,8.140235,0.8965421,deployment_recommended
2024-03-08 11:00:00+05:30,2,25,5.5358524,0.9008339,deployment_recommended
2024-03-08 12:00:00+05:30,2,25,3.8610466,0.8829213,deployment_recommended
2024-03-08 13:00:00+05:30,2,25,3.5547428,0.8882914,deployment_recommended
2024-03-08 14:00:00+05:30,2,12,2.2285614,0.88350797,deployment_recommended
2024-03-08 15:00:00+05:30,2,5,1.7474351,0.8762479,deployment_recommended
2024-03-08 16:00:00+05:30,2,1,1.4474112,0.88321733,deployment_recommended
2024-03-08 17:00:00+05:30,2,2,0.8888577,0.7325991,deployment_recommended
2024-03-08 18:00:00+05:30,2,0,,,no_deployment_recommended
2024-03-08 19:00:00+05:30,2,0,,,no_deployment_recommended
2024-03-08 20:00:00+05:30,2,0,,,no_deployment_recommended
2024-03-08 21:00:00+05:30,2,0,,,no_deployment_recommended
2024-03-08 22:00:00+05:30,2,1,0.63820016,0.9099716,deployment_recommended
2024-03-08 23:00:00+05:30,2,3,4.7540293,0.89771324,deployment_recommended
2024-03-09 00:00:00+05:30,2,7,3.9265342,0.9125128,deployment_recommended
2024-03-09 01:00:00+05:30,2,16,6.5230813,0.89494914,deployment_recommended
2024-03-09 02:00:00+05:30,2,24,4.2455964,0.9042001,deployment_recommended
2024-03-09 03:00:00+05:30,2,25,3.8488927,0.8632614,deployment_recommended
2024-03-09 04:00:00+05:30,2,25,5.8082376,0.86527145,deployment_recommended
2024-03-09 05:00:00+05:30,2,25,5.855507,0.8657564,deployment_recommended
2024-03-09 06:00:00+05:30,2,25,4.8232737,0.8511404,deployment_recommended
2024-03-09 07:00:00+05:30,2,25,4.3600082,0.88134253,deployment_recommended
2024-03-09 08:00:00+05:30,2,25,7.194924,0.8873152,deployment_recommended
2024-03-09 09:00:00+05:30,2,25,8.119963,0.85696983,deployment_recommended
2024-03-09 10:00:00+05:30,2,25,8.096226,0.85182935,deployment_recommended
2024-03-09 11:00:00+05:30,2,25,7.134379,0.8893412,deployment_recommended
2024-03-09 12:00:00+05:30,2,25,9.254707,0.90010816,deployment_recommended
2024-03-09 13:00:00+05:30,2,25,8.267255,0.8740538,deployment_recommended
2024-03-09 14:00:00+05:30,2,10,2.4144385,0.87896335,deployment_recommended
2024-03-09 15:00:00+05:30,2,8,1.6842899,0.87037784,deployment_recommended
2024-03-09 16:00:00+05:30,2,0,,,no_deployment_recommended
2024-03-09 17:00:00+05:30,2,0,,,no_deployment_recommended
2024-03-09 18:00:00+05:30,2,0,,,no_deployment_recommended
2024-03-09 19:00:00+05:30,2,0,,,no_deployment_recommended
2024-03-09 20:00:00+05:30,2,0,,,no_deployment_recommended
2024-03-09 21:00:00+05:30,2,0,,,no_deployment_recommended
2024-03-09 22:00:00+05:30,2,2,2.308764,0.89840853,deployment_recommended
2024-03-09 23:00:00+05:30,2,3,1.4511143,0.89771324,deployment_recommended
2024-03-10 00:00:00+05:30,2,8,4.5175986,0.9153012,deployment_recommended
2024-03-10 01:00:00+05:30,2,17,6.352636,0.9087615,deployment_recommended
2024-03-10 02:00:00+05:30,2,20,3.6770163,0.91139257,deployment_recommended
2024-03-10 03:00:00+05:30,2,25,6.5651717,0.8428005,deployment_recommended
2024-03-10 04:00:00+05:30,2,25,4.943263,0.8635941,deployment_recommended
2024-03-10 05:00:00+05:30,2,25,6.0719676,0.8765185,deployment_recommended
2024-03-10 06:00:00+05:30,2,25,5.7316647,0.8909422,deployment_recommended
2024-03-10 07:00:00+05:30,2,25,5.3294525,0.89379305,deployment_recommended
2024-03-10 08:00:00+05:30,2,25,6.7356114,0.8896203,deployment_recommended
2024-03-10 09:00:00+05:30,2,25,9.798064,0.8926372,deployment_recommended
2024-03-10 10:00:00+05:30,2,25,9.186745,0.89611053,deployment_recommended
2024-03-10 11:00:00+05:30,2,25,13.077574,0.88466805,deployment_recommended
2024-03-10 12:00:00+05:30,2,25,7.184343,0.89142853,deployment_recommended
2024-03-10 13:00:00+05:30,2,25,4.2083387,0.8855479,deployment_recommended
2024-03-10 14:00:00+05:30,2,17,2.738291,0.86109287,deployment_recommended
2024-03-10 15:00:00+05:30,2,4,1.381059,0.89290553,deployment_recommended
2024-03-10 16:00:00+05:30,2,0,,,no_deployment_recommended
2024-03-10 17:00:00+05:30,2,0,,,no_deployment_recommended
2024-03-10 18:00:00+05:30,2,0,,,no_deployment_recommended
2024-03-10 19:00:00+05:30,2,0,,,no_deployment_recommended
2024-03-10 20:00:00+05:30,2,0,,,no_deployment_recommended
2024-03-10 21:00:00+05:30,2,0,,,no_deployment_recommended
2024-03-10 22:00:00+05:30,2,1,1.1542253,0.9099716,deployment_recommended
2024-03-10 23:00:00+05:30,2,2,1.3327637,0.90314716,deployment_recommended
2024-03-11 00:00:00+05:30,2,8,2.5056908,0.92323864,deployment_recommended
2024-03-11 01:00:00+05:30,2,13,5.4784307,0.91680294,deployment_recommended
2024-03-11 02:00:00+05:30,2,15,3.2760906,0.91691583,deployment_recommended
2024-03-11 03:00:00+05:30,2,21,5.1452217,0.90901005,deployment_recommended
2024-03-11 04:00:00+05:30,2,24,3.4614842,0.895623,deployment_recommended
2024-03-11 05:00:00+05:30,2,25,3.4560578,0.8685192,deployment_recommended
2024-03-11 06:00:00+05:30,2,25,7.7624974,0.88403356,deployment_recommended
2024-03-11 07:00:00+05:30,2,25,3.8633187,0.8919675,deployment_recommended
2024-03-11 08:00:00+05:30,2,25,5.482577,0.8975505,deployment_recommended
2024-03-11 09:00:00+05:30,2,25,6.2171607,0.87653077,deployment_recommended
2024-03-11 10:00:00+05:30,2,25,6.8726034,0.8954705,deployment_recommended
2024-03-11 11:00:00+05:30,2,25,8.194515,0.87622666,deployment_recommended
2024-03-11 12:00:00+05:30,2,25,4.2668815,0.8880981,deployment_recommended
2024-03-11 13:00:00+05:30,2,23,2.8908677,0.89990824,deployment_recommended
2024-03-11 14:00:00+05:30,2,11,2.682587,0.8962605,deployment_recommended
2024-03-11 15:00:00+05:30,2,0,,,no_deployment_recommended
2024-03-11 16:00:00+05:30,2,1,0.7627077,0.90456074,deployment_recommended
2024-03-11 17:00:00+05:30,2,0,,,no_deployment_recommended
2024-03-11 18:00:00+05:30,2,0,,,no_deployment_recommended
2024-03-11 19:00:00+05:30,2,0,,,no_deployment_recommended
2024-03-11 20:00:00+05:30,2,0,,,no_deployment_recommended
2024-03-11 21:00:00+05:30,2,0,,,no_deployment_recommended
2024-03-11 22:00:00+05:30,2,1,0.8033458,0.9099716,deployment_recommended
2024-03-11 23:00:00+05:30,2,2,1.413029,0.90314716,deployment_recommended
2024-03-12 00:00:00+05:30,2,7,2.2081394,0.9193663,deployment_recommended
2024-03-12 01:00:00+05:30,2,12,5.6496305,0.9197797,deployment_recommended
2024-03-12 02:00:00+05:30,2,15,5.047998,0.88939536,deployment_recommended
2024-03-12 03:00:00+05:30,2,25,2.9884624,0.87158453,deployment_recommended
2024-03-12 04:00:00+05:30,2,25,10.91515,0.8156544,deployment_recommended
2024-03-12 05:00:00+05:30,2,25,7.899835,0.8828861,deployment_recommended
2024-03-12 06:00:00+05:30,2,25,9.133975,0.86478925,deployment_recommended
2024-03-12 07:00:00+05:30,2,25,5.552052,0.88936067,deployment_recommended
2024-03-12 08:00:00+05:30,2,25,8.421147,0.895407,deployment_recommended
2024-03-12 09:00:00+05:30,2,25,12.012796,0.83797544,deployment_recommended
2024-03-12 10:00:00+05:30,2,25,10.500006,0.88474715,deployment_recommended
2024-03-12 11:00:00+05:30,2,25,12.787661,0.86637336,deployment_recommended
2024-03-12 12:00:00+05:30,2,25,7.124674,0.8865571,deployment_recommended
2024-03-12 13:00:00+05:30,2,25,2.355345,0.88650596,deployment_recommended
2024-03-12 14:00:00+05:30,2,8,1.6243184,0.9032361,deployment_recommended
2024-03-12 15:00:00+05:30,2,3,0.79969966,0.832542,deployment_recommended
2024-03-12 16:00:00+05:30,2,0,,,no_deployment_recommended
2024-03-12 17:00:00+05:30,2,0,,,no_deployment_recommended
2024-03-12 18:00:00+05:30,2,0,,,no_deployment_recommended
2024-03-12 19:00:00+05:30,2,0,,,no_deployment_recommended
2024-03-12 20:00:00+05:30,2,0,,,no_deployment_recommended
2024-03-12 21:00:00+05:30,2,0,,,no_deployment_recommended
2024-03-12 22:00:00+05:30,2,1,0.9673627,0.9099716,deployment_recommended
2024-03-12 23:00:00+05:30,2,1,0.64237034,0.9099716,deployment_recommended
2024-03-13 00:00:00+05:30,2,6,1.7235429,0.91701776,deployment_recommended
2024-03-13 01:00:00+05:30,2,16,4.9692082,0.9010942,deployment_recommended
2024-03-13 02:00:00+05:30,2,25,2.9984114,0.8937997,deployment_recommended
2024-03-13 03:00:00+05:30,2,25,9.594675,0.872487,deployment_recommended
2024-03-13 04:00:00+05:30,2,25,8.29146,0.83677566,deployment_recommended
2024-03-13 05:00:00+05:30,2,25,10.165149,0.8356048,deployment_recommended
2024-03-13 06:00:00+05:30,2,25,11.948801,0.8825205,deployment_recommended
2024-03-13 07:00:00+05:30,2,25,3.1385236,0.8865201,deployment_recommended
2024-03-13 08:00:00+05:30,2,25,6.4030905,0.8856079,deployment_recommended
2024-03-13 09:00:00+05:30,2,25,8.178317,0.8814807,deployment_recommended
2024-03-13 10:00:00+05:30,2,25,8.679124,0.8700043,deployment_recommended
2024-03-13 11:00:00+05:30,2,25,10.852886,0.88636506,deployment_recommended
2024-03-13 12:00:00+05:30,2,25,9.381213,0.889489,deployment_recommended
2024-03-13 13:00:00+05:30,2,22,3.6278613,0.9001045,deployment_recommended
2024-03-13 14:00:00+05:30,2,10,3.6948247,0.8858854,deployment_recommended
2024-03-13 15:00:00+05:30,2,2,1.3572028,0.92815876,deployment_recommended
2024-03-13 16:00:00+05:30,2,0,,,no_deployment_recommended
2024-03-13 17:00:00+05:30,2,0,,,no_deployment_recommended
2024-03-13 18:00:00+05:30,2,0,,,no_deployment_recommended
2024-03-13 19:00:00+05:30,2,0,,,no_deployment_recommended
2024-03-13 20:00:00+05:30,2,0,,,no_deployment_recommended
2024-03-13 21:00:00+05:30,2,1,0.77889395,0.9099716,deployment_recommended
2024-03-13 22:00:00+05:30,2,2,1.6023201,0.9164346,deployment_recommended
2024-03-13 23:00:00+05:30,2,3,0.84065723,0.9087241,deployment_recommended
2024-03-14 00:00:00+05:30,2,6,3.580898,0.91701776,deployment_recommended
2024-03-14 01:00:00+05:30,2,14,3.3508308,0.9173069,deployment_recommended
2024-03-14 02:00:00+05:30,2,17,6.274225,0.9162111,deployment_recommended
2024-03-14 03:00:00+05:30,2,25,3.924968,0.8466826,deployment_recommended
2024-03-14 04:00:00+05:30,2,25,3.3400323,0.8231567,deployment_recommended
2024-03-14 05:00:00+05:30,2,25,9.294922,0.8685937,deployment_recommended
2024-03-14 06:00:00+05:30,2,25,6.9375277,0.8631502,deployment_recommended
2024-03-14 07:00:00+05:30,2,25,3.5420454,0.8741524,deployment_recommended
2024-03-14 08:00:00+05:30,2,25,4.3006,0.88688684,deployment_recommended
2024-03-14 09:00:00+05:30,2,25,4.939108,0.8720734,deployment_recommended
2024-03-14 10:00:00+05:30,2,25,4.1897035,0.87868726,deployment_recommended
2024-03-14 11:00:00+05:30,2,25,5.6774435,0.89193976,deployment_recommended
2024-03-14 12:00:00+05:30,2,25,12.789568,0.8954219,deployment_recommended
2024-03-14 13:00:00+05:30,2,25,5.04152,0.8802208,deployment_recommended
2024-03-14 14:00:00+05:30,2,8,3.0216506,0.8680518,deployment_recommended
2024-03-14 15:00:00+05:30,2,2,1.4459405,0.8955877,deployment_recommended
2024-03-14 16:00:00+05:30,2,0,,,no_deployment_recommended
2024-03-14 17:00:00+05:30,2,0,,,no_deployment_recommended
2024-03-14 18:00:00+05:30,2,0,,,no_deployment_recommended
2024-03-14 19:00:00+05:30,2,0,,,no_deployment_recommended
2024-03-14 20:00:00+05:30,2,0,,,no_deployment_recommended
2024-03-14 21:00:00+05:30,2,0,,,no_deployment_recommended
2024-03-14 22:00:00+05:30,2,1,0.94490355,0.9099716,deployment_recommended
2024-03-14 23:00:00+05:30,2,1,0.6112932,0.9099716,deployment_recommended
2024-03-15 00:00:00+05:30,2,7,1.7491453,0.9193663,deployment_recommended
2024-03-15 01:00:00+05:30,2,18,5.510338,0.9142792,deployment_recommended
2024-03-15 02:00:00+05:30,2,23,3.6633935,0.89174795,deployment_recommended
2024-03-15 03:00:00+05:30,2,25,3.5317402,0.8520826,deployment_recommended
2024-03-15 04:00:00+05:30,2,25,4.174763,0.872613,deployment_recommended
2024-03-15 05:00:00+05:30,2,25,11.034149,0.857682,deployment_recommended
2024-03-15 06:00:00+05:30,2,25,7.743957,0.8852329,deployment_recommended
2024-03-15 07:00:00+05:30,2,25,6.8287077,0.8771724,deployment_recommended
2024-03-15 08:00:00+05:30,2,25,4.121597,0.88062495,deployment_recommended
2024-03-15 09:00:00+05:30,2,25,4.4333305,0.88983786,deployment_recommended
2024-03-15 10:00:00+05:30,2,25,5.615031,0.84694976,deployment_recommended
2024-03-15 11:00:00+05:30,2,25,6.0154266,0.8789311,deployment_recommended
2024-03-15 12:00:00+05:30,2,25,4.018902,0.8633857,deployment_recommended
2024-03-15 13:00:00+05:30,2,25,1.7627954,0.8650313,deployment_recommended
2024-03-15 14:00:00+05:30,2,9,1.5618265,0.8985371,deployment_recommended
2024-03-15 15:00:00+05:30,2,4,1.1728262,0.87783426,deployment_recommended
2024-03-15 16:00:00+05:30,2,0,,,no_deployment_recommended
2024-03-15 17:00:00+05:30,2,0,,,no_deployment_recommended
2024-03-15 18:00:00+05:30,2,0,,,no_deployment_recommended
2024-03-15 19:00:00+05:30,2,0,,,no_deployment_recommended
2024-03-15 20:00:00+05:30,2,0,,,no_deployment_recommended
2024-03-15 21:00:00+05:30,2,0,,,no_deployment_recommended
2024-03-15 22:00:00+05:30,2,1,0.8971416,0.9099716,deployment_recommended
2024-03-15 23:00:00+05:30,2,1,0.7279625,0.9099716,deployment_recommended
2024-03-16 00:00:00+05:30,2,5,3.759822,0.9185632,deployment_recommended
2024-03-16 01:00:00+05:30,2,13,3.0394003,0.921932,deployment_recommended
2024-03-16 02:00:00+05:30,2,18,4.24967,0.90058255,deployment_recommended
2024-03-16 03:00:00+05:30,2,25,6.70362,0.8340691,deployment_recommended
2024-03-16 04:00:00+05:30,2,25,11.147842,0.84850365,deployment_recommended
2024-03-16 05:00:00+05:30,2,25,8.242114,0.885261,deployment_recommended
2024-03-16 06:00:00+05:30,2,25,3.7470295,0.88816935,deployment_recommended
2024-03-16 07:00:00+05:30,2,25,4.5126257,0.8617725,deployment_recommended
2024-03-16 08:00:00+05:30,2,25,3.447899,0.8693941,deployment_recommended
2024-03-16 09:00:00+05:30,2,25,10.464081,0.873885,deployment_recommended
2024-03-16 10:00:00+05:30,2,25,11.208578,0.8901887,deployment_recommended
2024-03-16 11:00:00+05:30,2,25,6.254875,0.8740306,deployment_recommended
2024-03-16 12:00:00+05:30,2,25,7.453569,0.9001805,deployment_recommended
2024-03-16 13:00:00+05:30,2,25,2.9578674,0.87919366,deployment_recommended
2024-03-16 14:00:00+05:30,2,12,1.4879334,0.9014063,deployment_recommended
2024-03-16 15:00:00+05:30,2,2,0.9396723,0.79778063,deployment_recommended
2024-03-16 16:00:00+05:30,2,0,,,no_deployment_recommended
2024-03-16 17:00:00+05:30,2,0,,,no_deployment_recommended
2024-03-16 18:00:00+05:30,2,0,,,no_deployment_recommended
2024-03-16 19:00:00+05:30,2,0,,,no_deployment_recommended
2024-03-16 20:00:00+05:30,2,0,,,no_deployment_recommended
2024-03-16 21:00:00+05:30,2,0,,,no_deployment_recommended
2024-03-16 22:00:00+05:30,2,1,0.97336334,0.9099716,deployment_recommended
2024-03-16 23:00:00+05:30,2,4,5.396364,0.90325445,deployment_recommended
2024-03-17 00:00:00+05:30,2,5,4.6032314,0.9185632,deployment_recommended
2024-03-17 01:00:00+05:30,2,14,7.8073826,0.9028267,deployment_recommended
2024-03-17 02:00:00+05:30,2,20,5.7922754,0.91068524,deployment_recommended
2024-03-17 03:00:00+05:30,2,25,3.5328937,0.88147235,deployment_recommended
2024-03-17 04:00:00+05:30,2,25,4.9987497,0.8549755,deployment_recommended
2024-03-17 05:00:00+05:30,2,25,6.1339426,0.8464598,deployment_recommended
2024-03-17 06:00:00+05:30,2,25,5.2395353,0.8740051,deployment_recommended
2024-03-17 07:00:00+05:30,2,25,4.585034,0.8427233,deployment_recommended
2024-03-17 08:00:00+05:30,3,25,5.836626,0.87872744,deployment_recommended
2024-03-17 09:00:00+05:30,3,25,9.103031,0.8957339,deployment_recommended
2024-03-17 10:00:00+05:30,3,25,9.158361,0.9004492,deployment_recommended
2024-03-17 11:00:00+05:30,3,25,6.7521024,0.88793254,deployment_recommended
2024-03-17 12:00:00+05:30,3,25,12.420168,0.8853255,deployment_recommended
2024-03-17 13:00:00+05:30,3,25,3.9827416,0.8613496,deployment_recommended
2024-03-17 14:00:00+05:30,3,14,3.944274,0.8536487,deployment_recommended
2024-03-17 15:00:00+05:30,3,5,1.9464055,0.8360356,deployment_recommended
2024-03-17 16:00:00+05:30,3,0,,,no_deployment_recommended
2024-03-17 17:00:00+05:30,3,1,1.5275179,0.8822932,deployment_recommended
2024-03-17 18:00:00+05:30,3,0,,,no_deployment_recommended
2024-03-17 19:00:00+05:30,3,0,,,no_deployment_recommended
2024-03-17 20:00:00+05:30,3,0,,,no_deployment_recommended
2024-03-17 21:00:00+05:30,3,0,,,no_deployment_recommended
2024-03-17 22:00:00+05:30,3,1,0.8181077,0.9099716,deployment_recommended
2024-03-17 23:00:00+05:30,3,3,1.2737093,0.9087241,deployment_recommended
2024-03-18 00:00:00+05:30,3,6,4.4648223,0.9068401,deployment_recommended
2024-03-18 01:00:00+05:30,3,13,3.115709,0.917421,deployment_recommended
2024-03-18 02:00:00+05:30,3,15,5.713505,0.8954276,deployment_recommended
2024-03-18 03:00:00+05:30,3,25,3.941428,0.873569,deployment_recommended
2024-03-18 04:00:00+05:30,3,24,5.092537,0.8819093,deployment_recommended
2024-03-18 05:00:00+05:30,3,25,5.0170293,0.8507848,deployment_recommended
2024-03-18 06:00:00+05:30,3,25,6.073059,0.8946391,deployment_recommended
2024-03-18 07:00:00+05:30,3,25,2.886003,0.88817155,deployment_recommended
2024-03-18 08:00:00+05:30,3,25,5.7200212,0.88696647,deployment_recommended
2024-03-18 09:00:00+05:30,3,25,5.239193,0.8984192,deployment_recommended
2024-03-18 10:00:00+05:30,3,25,6.2432637,0.89866203,deployment_recommended
2024-03-18 11:00:00+05:30,3,25,10.294428,0.9010195,deployment_recommended
2024-03-18 12:00:00+05:30,3,25,6.7865877,0.88448995,deployment_recommended
2024-03-18 13:00:00+05:30,3,21,4.1022778,0.89390373,deployment_recommended
2024-03-18 14:00:00+05:30,3,7,4.439188,0.90479976,deployment_recommended
2024-03-18 15:00:00+05:30,3,2,1.2179617,0.9510143,deployment_recommended
2024-03-18 16:00:00+05:30,3,2,0.6843034,0.9501461,deployment_recommended
2024-03-18 17:00:00+05:30,3,0,,,no_deployment_recommended
2024-03-18 18:00:00+05:30,3,0,,,no_deployment_recommended
2024-03-18 19:00:00+05:30,3,0,,,no_deployment_recommended
2024-03-18 20:00:00+05:30,3,0,,,no_deployment_recommended
2024-03-18 21:00:00+05:30,3,0,,,no_deployment_recommended
2024-03-18 22:00:00+05:30,3,1,0.6838623,0.9099716,deployment_recommended
2024-03-18 23:00:00+05:30,3,3,4.7807627,0.905565,deployment_recommended
2024-03-19 00:00:00+05:30,3,4,5.620854,0.9110771,deployment_recommended
2024-03-19 01:00:00+05:30,3,12,8.291613,0.91685563,deployment_recommended
2024-03-19 02:00:00+05:30,3,15,3.25298,0.9195662,deployment_recommended
2024-03-19 03:00:00+05:30,3,25,4.079211,0.8488623,deployment_recommended
2024-03-19 04:00:00+05:30,3,25,5.2893257,0.85422444,deployment_recommended
2024-03-19 05:00:00+05:30,3,25,4.5218177,0.8707951,deployment_recommended
2024-03-19 06:00:00+05:30,3,25,4.058629,0.8881206,deployment_recommended
2024-03-19 07:00:00+05:30,3,25,4.974904,0.8864597,deployment_recommended
2024-03-19 08:00:00+05:30,3,25,4.2577734,0.88234746,deployment_recommended
2024-03-19 09:00:00+05:30,3,25,7.0198035,0.8853596,deployment_recommended
2024-03-19 10:00:00+05:30,3,25,4.292948,0.89424026,deployment_recommended
2024-03-19 11:00:00+05:30,3,25,6.877091,0.8726861,deployment_recommended
2024-03-19 12:00:00+05:30,3,25,8.524313,0.8842727,deployment_recommended
2024-03-19 13:00:00+05:30,3,24,2.9375858,0.87405497,deployment_recommended
2024-03-19 14:00:00+05:30,3,10,3.2759693,0.8861289,deployment_recommended
2024-03-19 15:00:00+05:30,3,3,1.3962363,0.8862061,deployment_recommended
2024-03-19 16:00:00+05:30,3,1,0.6643709,0.8759056,deployment_recommended
2024-03-19 17:00:00+05:30,3,0,,,no_deployment_recommended
2024-03-19 18:00:00+05:30,3,0,,,no_deployment_recommended
2024-03-19 19:00:00+05:30,3,0,,,no_deployment_recommended
2024-03-19 20:00:00+05:30,3,0,,,no_deployment_recommended
2024-03-19 21:00:00+05:30,3,0,,,no_deployment_recommended
2024-03-19 22:00:00+05:30,3,1,1.4904537,0.9099716,deployment_recommended
2024-03-19 23:00:00+05:30,3,2,1.4746294,0.9149248,deployment_recommended
2024-03-20 00:00:00+05:30,3,6,6.4350343,0.91701776,deployment_recommended
2024-03-20 01:00:00+05:30,3,12,5.846033,0.9084857,deployment_recommended
2024-03-20 02:00:00+05:30,3,17,4.807748,0.8902523,deployment_recommended
2024-03-20 03:00:00+05:30,3,25,8.497511,0.8676102,deployment_recommended
2024-03-20 04:00:00+05:30,3,25,5.6158314,0.8723531,deployment_recommended
2024-03-20 05:00:00+05:30,3,25,3.5157185,0.82625467,deployment_recommended
2024-03-20 06:00:00+05:30,3,25,3.481713,0.87213737,deployment_recommended
2024-03-20 07:00:00+05:30,3,25,2.952967,0.87678576,deployment_recommended
2024-03-20 08:00:00+05:30,3,25,4.763832,0.87937194,deployment_recommended
2024-03-20 09:00:00+05:30,3,25,4.915271,0.8755235,deployment_recommended
2024-03-20 10:00:00+05:30,3,25,10.209008,0.8926244,deployment_recommended
2024-03-20 11:00:00+05:30,3,25,4.4574885,0.88877237,deployment_recommended
2024-03-20 12:00:00+05:30,3,25,5.5736613,0.890953,deployment_recommended
2024-03-20 13:00:00+05:30,3,23,2.0442042,0.87905586,deployment_recommended
2024-03-20 14:00:00+05:30,3,8,1.0960059,0.867614,deployment_recommended
2024-03-20 15:00:00+05:30,3,2,0.71254444,0.9128035,deployment_recommended
2024-03-20 16:00:00+05:30,3,1,0.5889076,0.9158238,deployment_recommended
2024-03-20 17:00:00+05:30,3,0,,,no_deployment_recommended
2024-03-20 18:00:00+05:30,3,1,0.6869712,0.6886216,deployment_recommended
2024-03-20 19:00:00+05:30,3,0,,,no_deployment_recommended
2024-03-20 20:00:00+05:30,3,0,,,no_deployment_recommended
2024-03-20 21:00:00+05:30,3,0,,,no_deployment_recommended
2024-03-20 22:00:00+05:30,3,1,2.9141712,0.9099716,deployment_recommended
2024-03-20 23:00:00+05:30,3,3,2.6044092,0.7740069,deployment_recommended
2024-03-21 00:00:00+05:30,3,6,4.6699743,0.91701776,deployment_recommended
2024-03-21 01:00:00+05:30,3,11,5.260891,0.91423345,deployment_recommended
2024-03-21 02:00:00+05:30,3,23,2.7074513,0.85423404,deployment_recommended
2024-03-21 03:00:00+05:30,3,25,3.9381037,0.8379778,deployment_recommended
2024-03-21 04:00:00+05:30,3,25,5.190017,0.8535314,deployment_recommended
2024-03-21 05:00:00+05:30,3,25,3.4466696,0.8495682,deployment_recommended
2024-03-21 06:00:00+05:30,3,25,2.6110337,0.8858158,deployment_recommended
2024-03-21 07:00:00+05:30,3,25,2.7640095,0.854196,deployment_recommended
2024-03-21 08:00:00+05:30,3,25,6.291486,0.87347764,deployment_recommended
2024-03-21 09:00:00+05:30,3,25,5.9847465,0.88792306,deployment_recommended
2024-03-21 10:00:00+05:30,3,25,6.844516,0.88102454,deployment_recommended
2024-03-21 11:00:00+05:30,3,25,7.889141,0.89073735,deployment_recommended
2024-03-21 12:00:00+05:30,3,25,6.8970985,0.87338465,deployment_recommended
2024-03-21 13:00:00+05:30,3,23,2.931233,0.8684722,deployment_recommended
2024-03-21 14:00:00+05:30,3,5,1.0113207,0.82680213,deployment_recommended
2024-03-21 15:00:00+05:30,3,2,1.5170653,0.9375687,deployment_recommended
2024-03-21 16:00:00+05:30,3,0,,,no_deployment_recommended
2024-03-21 17:00:00+05:30,3,0,,,no_deployment_recommended
2024-03-21 18:00:00+05:30,3,0,,,no_deployment_recommended
2024-03-21 19:00:00+05:30,3,0,,,no_deployment_recommended
2024-03-21 20:00:00+05:30,3,0,,,no_deployment_recommended
2024-03-21 21:00:00+05:30,3,0,,,no_deployment_recommended
2024-03-21 22:00:00+05:30,3,1,0.8562986,0.9099716,deployment_recommended
2024-03-21 23:00:00+05:30,3,3,2.413799,0.89334935,deployment_recommended
2024-03-22 00:00:00+05:30,3,7,4.5138164,0.91083723,deployment_recommended
2024-03-22 01:00:00+05:30,3,12,5.203153,0.9152408,deployment_recommended
2024-03-22 02:00:00+05:30,3,18,3.4909487,0.9052718,deployment_recommended
2024-03-22 03:00:00+05:30,3,25,3.818244,0.8038441,deployment_recommended
2024-03-22 04:00:00+05:30,3,25,4.456079,0.82537156,deployment_recommended
2024-03-22 05:00:00+05:30,3,25,2.682014,0.87513137,deployment_recommended
2024-03-22 06:00:00+05:30,3,25,5.4636927,0.83479804,deployment_recommended
2024-03-22 07:00:00+05:30,3,25,5.0187354,0.8351473,deployment_recommended
2024-03-22 08:00:00+05:30,3,25,10.536791,0.88266945,deployment_recommended
2024-03-22 09:00:00+05:30,3,25,6.823683,0.8547709,deployment_recommended
2024-03-22 10:00:00+05:30,3,25,5.1590567,0.8966659,deployment_recommended
2024-03-22 11:00:00+05:30,3,25,3.4554236,0.88811004,deployment_recommended
2024-03-22 12:00:00+05:30,3,25,7.0400667,0.8679,deployment_recommended
2024-03-22 13:00:00+05:30,3,22,4.6317286,0.8866063,deployment_recommended
2024-03-22 14:00:00+05:30,3,8,2.2170315,0.8978478,deployment_recommended
2024-03-22 15:00:00+05:30,3,5,1.0870527,0.86251575,deployment_recommended
2024-03-22 16:00:00+05:30,3,0,,,no_deployment_recommended
2024-03-22 17:00:00+05:30,3,0,,,no_deployment_recommended
2024-03-22 18:00:00+05:30,3,0,,,no_deployment_recommended
2024-03-22 19:00:00+05:30,3,0,,,no_deployment_recommended
2024-03-22 20:00:00+05:30,3,0,,,no_deployment_recommended
2024-03-22 21:00:00+05:30,3,0,,,no_deployment_recommended
2024-03-22 22:00:00+05:30,3,1,0.89054203,0.9099716,deployment_recommended
2024-03-22 23:00:00+05:30,3,2,0.8106402,0.90314716,deployment_recommended
2024-03-23 00:00:00+05:30,3,5,2.2348347,0.9134574,deployment_recommended
2024-03-23 01:00:00+05:30,3,11,2.811591,0.92144257,deployment_recommended
2024-03-23 02:00:00+05:30,3,17,5.286749,0.8932656,deployment_recommended
2024-03-23 03:00:00+05:30,3,25,3.252945,0.8158513,deployment_recommended
2024-03-23 04:00:00+05:30,3,25,4.7248163,0.8384375,deployment_recommended
2024-03-23 05:00:00+05:30,3,25,5.420041,0.8697081,deployment_recommended
2024-03-23 06:00:00+05:30,3,25,3.0794759,0.86874026,deployment_recommended
2024-03-23 07:00:00+05:30,3,25,2.3058326,0.85916054,deployment_recommended
2024-03-23 08:00:00+05:30,3,25,6.546379,0.86646235,deployment_recommended
2024-03-23 09:00:00+05:30,3,25,9.307678,0.8950127,deployment_recommended
2024-03-23 10:00:00+05:30,3,25,8.056467,0.8902424,deployment_recommended
2024-03-23 11:00:00+05:30,3,25,8.91163,0.8901051,deployment_recommended
2024-03-23 12:00:00+05:30,3,25,5.0832806,0.8608898,deployment_recommended
2024-03-23 13:00:00+05:30,3,25,2.2888088,0.85032153,deployment_recommended
2024-03-23 14:00:00+05:30,3,9,3.4813302,0.9116497,deployment_recommended
2024-03-23 15:00:00+05:30,3,1,0.68668485,0.9292096,deployment_recommended
2024-03-23 16:00:00+05:30,3,1,0.65191287,0.9503449,deployment_recommended
2024-03-23 17:00:00+05:30,3,0,,,no_deployment_recommended
2024-03-23 18:00:00+05:30,3,0,,,no_deployment_recommended
2024-03-23 19:00:00+05:30,3,0,,,no_deployment_recommended
2024-03-23 20:00:00+05:30,3,0,,,no_deployment_recommended
2024-03-23 21:00:00+05:30,3,0,,,no_deployment_recommended
2024-03-23 22:00:00+05:30,3,1,0.7628156,0.9099716,deployment_recommended
2024-03-23 23:00:00+05:30,3,1,0.59276223,0.8963227,deployment_recommended
2024-03-24 00:00:00+05:30,3,5,3.8002574,0.9134574,deployment_recommended
2024-03-24 01:00:00+05:30,3,16,4.4004307,0.89135176,deployment_recommended
2024-03-24 02:00:00+05:30,3,20,3.2670312,0.9054257,deployment_recommended
2024-03-24 03:00:00+05:30,3,25,3.6993074,0.8542566,deployment_recommended
2024-03-24 04:00:00+05:30,3,25,3.5570679,0.88324755,deployment_recommended
2024-03-24 05:00:00+05:30,3,25,4.163016,0.8698357,deployment_recommended
2024-03-24 06:00:00+05:30,3,25,4.3061514,0.89147687,deployment_recommended
2024-03-24 07:00:00+05:30,3,25,3.1579385,0.89132047,deployment_recommended
2024-03-24 08:00:00+05:30,3,25,5.666216,0.87859744,deployment_recommended
2024-03-24 09:00:00+05:30,3,25,9.398559,0.87645364,deployment_recommended
2024-03-24 10:00:00+05:30,3,25,12.093756,0.8940451,deployment_recommended
2024-03-24 11:00:00+05:30,3,25,7.384464,0.8993219,deployment_recommended
2024-03-24 12:00:00+05:30,3,25,5.061675,0.88847154,deployment_recommended
2024-03-24 13:00:00+05:30,3,25,3.783739,0.88078326,deployment_recommended
2024-03-24 14:00:00+05:30,3,17,1.9247093,0.8673719,deployment_recommended
2024-03-24 15:00:00+05:30,3,4,1.2868946,0.7968668,deployment_recommended
2024-03-24 16:00:00+05:30,3,0,,,no_deployment_recommended
2024-03-24 17:00:00+05:30,3,0,,,no_deployment_recommended
2024-03-24 18:00:00+05:30,3,0,,,no_deployment_recommended
2024-03-24 19:00:00+05:30,3,1,0.63684654,0.7535806,deployment_recommended
2024-03-24 20:00:00+05:30,3,0,,,no_deployment_recommended
2024-03-24 21:00:00+05:30,3,0,,,no_deployment_recommended
2024-03-24 22:00:00+05:30,3,1,0.9874444,0.9099716,deployment_recommended
2024-03-24 23:00:00+05:30,3,2,1.7432275,0.90314716,deployment_recommended
2024-03-25 00:00:00+05:30,3,8,5.6455817,0.91366476,deployment_recommended
2024-03-25 01:00:00+05:30,3,12,2.917952,0.9183251,deployment_recommended
2024-03-25 02:00:00+05:30,3,18,3.678992,0.9136524,deployment_recommended
2024-03-25 03:00:00+05:30,3,25,2.7649667,0.88702935,deployment_recommended
2024-03-25 04:00:00+05:30,3,25,3.6874037,0.87095076,deployment_recommended
2024-03-25 05:00:00+05:30,3,25,4.494858,0.8804539,deployment_recommended
2024-03-25 06:00:00+05:30,3,25,4.277061,0.8677387,deployment_recommended
2024-03-25 07:00:00+05:30,3,25,6.111445,0.8762434,deployment_recommended
2024-03-25 08:00:00+05:30,3,25,4.6675415,0.8907771,deployment_recommended
2024-03-25 09:00:00+05:30,3,25,8.828569,0.89389116,deployment_recommended
2024-03-25 10:00:00+05:30,3,25,7.46515,0.8953235,deployment_recommended
2024-03-25 11:00:00+05:30,3,25,8.964753,0.89259833,deployment_recommended
2024-03-25 12:00:00+05:30,3,25,4.3162584,0.8969999,deployment_recommended
2024-03-25 13:00:00+05:30,3,20,3.3326592,0.8595911,deployment_recommended
2024-03-25 14:00:00+05:30,3,10,3.9729433,0.9124282,deployment_recommended
2024-03-25 15:00:00+05:30,3,4,1.3747394,0.8912252,deployment_recommended
2024-03-25 16:00:00+05:30,3,1,2.1800573,0.77272636,deployment_recommended
2024-03-25 17:00:00+05:30,3,0,,,no_deployment_recommended
2024-03-25 18:00:00+05:30,3,0,,,no_deployment_recommended
2024-03-25 19:00:00+05:30,3,0,,,no_deployment_recommended
2024-03-25 20:00:00+05:30,3,0,,,no_deployment_recommended
2024-03-25 21:00:00+05:30,3,0,,,no_deployment_recommended
2024-03-25 22:00:00+05:30,3,1,0.6488825,0.9099716,deployment_recommended
2024-03-25 23:00:00+05:30,3,1,0.5903708,0.8963227,deployment_recommended
2024-03-26 00:00:00+05:30,3,6,3.9248688,0.91701776,deployment_recommended
2024-03-26 01:00:00+05:30,3,12,5.1787214,0.918207,deployment_recommended
2024-03-26 02:00:00+05:30,3,19,5.469182,0.89203924,deployment_recommended
2024-03-26 03:00:00+05:30,3,25,3.2807128,0.82267344,deployment_recommended
2024-03-26 04:00:00+05:30,3,25,3.931825,0.8552178,deployment_recommended
2024-03-26 05:00:00+05:30,3,25,4.72883,0.8436408,deployment_recommended
2024-03-26 06:00:00+05:30,3,25,3.6624053,0.878325,deployment_recommended
2024-03-26 07:00:00+05:30,3,25,2.7779222,0.8768683,deployment_recommended
2024-03-26 08:00:00+05:30,3,25,2.662061,0.8938996,deployment_recommended
2024-03-26 09:00:00+05:30,3,25,6.7963257,0.90309125,deployment_recommended
2024-03-26 10:00:00+05:30,3,25,5.6766624,0.8937451,deployment_recommended
2024-03-26 11:00:00+05:30,3,25,4.44601,0.8918216,deployment_recommended
2024-03-26 12:00:00+05:30,3,25,3.0936196,0.863509,deployment_recommended
2024-03-26 13:00:00+05:30,3,24,2.7357945,0.88586015,deployment_recommended
2024-03-26 14:00:00+05:30,3,8,2.928807,0.8484763,deployment_recommended
2024-03-26 15:00:00+05:30,3,1,1.5693244,0.9433137,deployment_recommended
2024-03-26 16:00:00+05:30,3,0,,,no_deployment_recommended
2024-03-26 17:00:00+05:30,3,0,,,no_deployment_recommended
2024-03-26 18:00:00+05:30,3,0,,,no_deployment_recommended
2024-03-26 19:00:00+05:30,3,0,,,no_deployment_recommended
2024-03-26 20:00:00+05:30,3,0,,,no_deployment_recommended
2024-03-26 21:00:00+05:30,3,0,,,no_deployment_recommended
2024-03-26 22:00:00+05:30,3,2,4.619214,0.90314716,deployment_recommended
2024-03-26 23:00:00+05:30,3,3,1.881286,0.9087241,deployment_recommended
2024-03-27 00:00:00+05:30,3,5,8.386004,0.9134574,deployment_recommended
2024-03-27 01:00:00+05:30,3,13,4.3093953,0.9145064,deployment_recommended
2024-03-27 02:00:00+05:30,3,18,2.145284,0.8902246,deployment_recommended
2024-03-27 03:00:00+05:30,3,25,6.811869,0.88344246,deployment_recommended
2024-03-27 04:00:00+05:30,3,25,3.4383652,0.8161852,deployment_recommended
2024-03-27 05:00:00+05:30,3,25,3.0406742,0.885385,deployment_recommended
2024-03-27 06:00:00+05:30,3,25,3.9287493,0.8809875,deployment_recommended
2024-03-27 07:00:00+05:30,3,25,5.6927657,0.8811718,deployment_recommended
2024-03-27 08:00:00+05:30,3,25,6.5386753,0.8996149,deployment_recommended
2024-03-27 09:00:00+05:30,3,25,6.2559047,0.8993866,deployment_recommended
2024-03-27 10:00:00+05:30,3,25,4.442172,0.88935393,deployment_recommended
2024-03-27 11:00:00+05:30,3,25,9.5195055,0.8971977,deployment_recommended
2024-03-27 12:00:00+05:30,3,25,8.005504,0.8856504,deployment_recommended
2024-03-27 13:00:00+05:30,3,25,7.811115,0.8895456,deployment_recommended
2024-03-27 14:00:00+05:30,3,10,4.991519,0.9054677,deployment_recommended
2024-03-27 15:00:00+05:30,3,5,1.9522623,0.85738546,deployment_recommended
2024-03-27 16:00:00+05:30,3,0,,,no_deployment_recommended
2024-03-27 17:00:00+05:30,3,0,,,no_deployment_recommended
2024-03-27 18:00:00+05:30,3,0,,,no_deployment_recommended
2024-03-27 19:00:00+05:30,3,0,,,no_deployment_recommended
2024-03-27 20:00:00+05:30,3,0,,,no_deployment_recommended
2024-03-27 21:00:00+05:30,3,0,,,no_deployment_recommended
2024-03-27 22:00:00+05:30,3,1,1.769899,0.9099716,deployment_recommended
2024-03-27 23:00:00+05:30,3,2,4.3871255,0.90314716,deployment_recommended
2024-03-28 00:00:00+05:30,3,6,3.6696858,0.91701776,deployment_recommended
2024-03-28 01:00:00+05:30,3,13,6.783607,0.91209954,deployment_recommended
2024-03-28 02:00:00+05:30,3,19,4.26344,0.9011038,deployment_recommended
2024-03-28 03:00:00+05:30,3,25,3.021816,0.844323,deployment_recommended
2024-03-28 04:00:00+05:30,3,25,3.806641,0.8216005,deployment_recommended
2024-03-28 05:00:00+05:30,3,25,4.45344,0.88241035,deployment_recommended
2024-03-28 06:00:00+05:30,3,25,2.7566924,0.8884556,deployment_recommended
2024-03-28 07:00:00+05:30,3,25,4.223834,0.8939718,deployment_recommended
2024-03-28 08:00:00+05:30,3,25,4.6722307,0.9024424,deployment_recommended
2024-03-28 09:00:00+05:30,3,25,8.935618,0.88033223,deployment_recommended
2024-03-28 10:00:00+05:30,3,25,11.387042,0.8969598,deployment_recommended
2024-03-28 11:00:00+05:30,3,25,7.66144,0.89503473,deployment_recommended
2024-03-28 12:00:00+05:30,3,25,8.338123,0.8967457,deployment_recommended
2024-03-28 13:00:00+05:30,3,25,4.233918,0.90278226,deployment_recommended
2024-03-28 14:00:00+05:30,3,13,3.5879464,0.91990197,deployment_recommended
2024-03-28 15:00:00+05:30,3,9,1.4025372,0.84670365,deployment_recommended
2024-03-28 16:00:00+05:30,3,1,0.73083985,0.9196513,deployment_recommended
2024-03-28 17:00:00+05:30,3,0,,,no_deployment_recommended
2024-03-28 18:00:00+05:30,3,0,,,no_deployment_recommended
2024-03-28 19:00:00+05:30,3,0,,,no_deployment_recommended
2024-03-28 20:00:00+05:30,3,0,,,no_deployment_recommended
2024-03-28 21:00:00+05:30,3,0,,,no_deployment_recommended
2024-03-28 22:00:00+05:30,3,1,1.0313421,0.9099716,deployment_recommended
2024-03-28 23:00:00+05:30,3,2,1.2710912,0.90314716,deployment_recommended
2024-03-29 00:00:00+05:30,3,6,3.2944078,0.91701776,deployment_recommended
2024-03-29 01:00:00+05:30,3,14,6.009188,0.92164326,deployment_recommended
2024-03-29 02:00:00+05:30,3,21,4.4362693,0.91129524,deployment_recommended
2024-03-29 03:00:00+05:30,3,25,5.551074,0.8772464,deployment_recommended
2024-03-29 04:00:00+05:30,3,25,5.7300253,0.8629478,deployment_recommended
2024-03-29 05:00:00+05:30,3,25,3.5795887,0.8864328,deployment_recommended
2024-03-29 06:00:00+05:30,3,25,3.6895678,0.9037759,deployment_recommended
2024-03-29 07:00:00+05:30,3,25,4.736935,0.9046092,deployment_recommended
2024-03-29 08:00:00+05:30,3,25,3.612897,0.9119999,deployment_recommended
2024-03-29 09:00:00+05:30,3,25,5.1381803,0.8990487,deployment_recommended
2024-03-29 10:00:00+05:30,3,25,7.8383107,0.89956504,deployment_recommended
2024-03-29 11:00:00+05:30,3,25,6.484579,0.8760853,deployment_recommended
2024-03-29 12:00:00+05:30,3,25,5.921894,0.89464,deployment_recommended
2024-03-29 13:00:00+05:30,3,20,2.2782292,0.9050309,deployment_recommended
2024-03-29 14:00:00+05:30,3,10,1.6574919,0.91454124,deployment_recommended
2024-03-29 15:00:00+05:30,3,4,1.4848773,0.8871738,deployment_recommended
2024-03-29 16:00:00+05:30,3,1,0.69146764,0.77272636,deployment_recommended
2024-03-29 17:00:00+05:30,3,1,2.028514,0.91113377,deployment_recommended
2024-03-29 18:00:00+05:30,3,0,,,no_deployment_recommended
2024-03-29 19:00:00+05:30,3,0,,,no_deployment_recommended
2024-03-29 20:00:00+05:30,3,0,,,no_deployment_recommended
2024-03-29 21:00:00+05:30,3,0,,,no_deployment_recommended
2024-03-29 22:00:00+05:30,3,1,0.77786726,0.9099716,deployment_recommended
2024-03-29 23:00:00+05:30,3,2,2.7550502,0.89840853,deployment_recommended
2024-03-30 00:00:00+05:30,3,6,4.3392844,0.91701776,deployment_recommended
2024-03-30 01:00:00+05:30,3,13,5.046275,0.91434896,deployment_recommended
2024-03-30 02:00:00+05:30,3,25,4.0219793,0.88184035,deployment_recommended
2024-03-30 03:00:00+05:30,3,25,3.1870751,0.86414695,deployment_recommended
2024-03-30 04:00:00+05:30,3,25,3.5890188,0.8862677,deployment_recommended
2024-03-30 05:00:00+05:30,3,25,4.8862963,0.8752886,deployment_recommended
2024-03-30 06:00:00+05:30,3,25,4.8263793,0.8880203,deployment_recommended
2024-03-30 07:00:00+05:30,3,25,5.1972632,0.8924354,deployment_recommended
2024-03-30 08:00:00+05:30,3,25,5.6416206,0.88055557,deployment_recommended
2024-03-30 09:00:00+05:30,3,25,11.495838,0.8656791,deployment_recommended
2024-03-30 10:00:00+05:30,3,25,5.3064017,0.8986108,deployment_recommended
2024-03-30 11:00:00+05:30,3,25,8.703519,0.8905296,deployment_recommended
2024-03-30 12:00:00+05:30,3,25,9.0290365,0.88707656,deployment_recommended
2024-03-30 13:00:00+05:30,3,25,5.458188,0.8642832,deployment_recommended
2024-03-30 14:00:00+05:30,3,12,5.9849896,0.90954703,deployment_recommended
2024-03-30 15:00:00+05:30,3,4,1.5879834,0.9356299,deployment_recommended
2024-03-30 16:00:00+05:30,3,4,2.558131,0.9356299,deployment_recommended
2024-03-30 17:00:00+05:30,3,0,,,no_deployment_recommended
2024-03-30 18:00:00+05:30,3,0,,,no_deployment_recommended
2024-03-30 19:00:00+05:30,3,0,,,no_deployment_recommended
2024-03-30 20:00:00+05:30,3,0,,,no_deployment_recommended
2024-03-30 21:00:00+05:30,3,0,,,no_deployment_recommended
2024-03-30 22:00:00+05:30,3,1,1.3096683,0.9099716,deployment_recommended
2024-03-30 23:00:00+05:30,3,1,1.2725207,0.9099716,deployment_recommended
2024-03-31 00:00:00+05:30,3,6,3.760273,0.91701776,deployment_recommended
2024-03-31 01:00:00+05:30,3,17,4.017182,0.9115182,deployment_recommended
2024-03-31 02:00:00+05:30,3,23,4.366762,0.90225214,deployment_recommended
2024-03-31 03:00:00+05:30,3,25,5.400882,0.87265414,deployment_recommended
2024-03-31 04:00:00+05:30,3,25,5.5010996,0.8234296,deployment_recommended
2024-03-31 05:00:00+05:30,3,25,4.337076,0.88901407,deployment_recommended
2024-03-31 06:00:00+05:30,3,25,10.002676,0.8754717,deployment_recommended
2024-03-31 07:00:00+05:30,3,25,5.0657253,0.8847847,deployment_recommended
2024-03-31 08:00:00+05:30,3,25,5.018448,0.886589,deployment_recommended
2024-03-31 09:00:00+05:30,3,25,9.176783,0.8744902,deployment_recommended
2024-03-31 10:00:00+05:30,3,25,9.491705,0.88734305,deployment_recommended
2024-03-31 11:00:00+05:30,3,25,9.742146,0.8944798,deployment_recommended
2024-03-31 12:00:00+05:30,3,25,7.2699323,0.8776623,deployment_recommended
2024-03-31 13:00:00+05:30,3,25,4.0823164,0.85899186,deployment_recommended
2024-03-31 14:00:00+05:30,3,19,2.6040158,0.8960705,deployment_recommended
2024-03-31 15:00:00+05:30,3,6,1.3263035,0.8657353,deployment_recommended
2024-03-31 16:00:00+05:30,3,0,,,no_deployment_recommended
2024-03-31 17:00:00+05:30,3,0,,,no_deployment_recommended
2024-03-31 18:00:00+05:30,3,0,,,no_deployment_recommended
2024-03-31 19:00:00+05:30,3,0,,,no_deployment_recommended
2024-03-31 20:00:00+05:30,3,0,,,no_deployment_recommended
2024-03-31 21:00:00+05:30,3,1,1.1581461,0.8963227,deployment_recommended
2024-03-31 22:00:00+05:30,3,1,1.0466945,0.9099716,deployment_recommended
2024-03-31 23:00:00+05:30,3,2,1.0265826,0.90314716,deployment_recommended
2024-04-01 00:00:00+05:30,3,7,2.8872905,0.9193663,deployment_recommended
2024-04-01 01:00:00+05:30,3,17,7.732919,0.9258688,deployment_recommended
2024-04-01 02:00:00+05:30,3,16,3.65518,0.9192693,deployment_recommended
2024-04-01 03:00:00+05:30,3,25,4.258542,0.87326574,deployment_recommended
2024-04-01 04:00:00+05:30,3,25,4.049045,0.89375854,deployment_recommended
2024-04-01 05:00:00+05:30,3,25,3.5865622,0.88972604,deployment_recommended
2024-04-01 06:00:00+05:30,3,25,3.193386,0.8932146,deployment_recommended
2024-04-01 07:00:00+05:30,3,25,2.7739859,0.8967985,deployment_recommended
2024-04-01 08:00:00+05:30,3,25,4.9132295,0.90992033,deployment_recommended
2024-04-01 09:00:00+05:30,3,25,8.46065,0.89868647,deployment_recommended
2024-04-01 10:00:00+05:30,3,25,12.089124,0.88716626,deployment_recommended
2024-04-01 11:00:00+05:30,3,25,14.178853,0.89754504,deployment_recommended
2024-04-01 12:00:00+05:30,3,25,11.548969,0.8931196,deployment_recommended
2024-04-01 13:00:00+05:30,3,25,3.0540762,0.88480014,deployment_recommended
2024-04-01 14:00:00+05:30,3,11,4.137331,0.9197187,deployment_recommended
2024-04-01 15:00:00+05:30,3,6,4.617488,0.8893175,deployment_recommended
2024-04-01 16:00:00+05:30,3,1,0.7283138,0.9433137,deployment_recommended
2024-04-01 17:00:00+05:30,3,0,,,no_deployment_recommended
2024-04-01 18:00:00+05:30,3,0,,,no_deployment_recommended
2024-04-01 19:00:00+05:30,3,0,,,no_deployment_recommended
2024-04-01 20:00:00+05:30,3,0,,,no_deployment_recommended
2024-04-01 21:00:00+05:30,3,0,,,no_deployment_recommended
2024-04-01 22:00:00+05:30,3,1,0.82578456,0.9099716,deployment_recommended
2024-04-01 23:00:00+05:30,3,1,0.71852773,0.9099716,deployment_recommended
2024-04-02 00:00:00+05:30,3,6,2.7777412,0.91701776,deployment_recommended
2024-04-02 01:00:00+05:30,3,17,6.4181333,0.9142739,deployment_recommended
2024-04-02 02:00:00+05:30,3,21,6.1115146,0.90614253,deployment_recommended
2024-04-02 03:00:00+05:30,3,25,4.4178977,0.88422847,deployment_recommended
2024-04-02 04:00:00+05:30,3,25,3.0151026,0.87647337,deployment_recommended
2024-04-02 05:00:00+05:30,3,25,2.28999,0.8768054,deployment_recommended
2024-04-02 06:00:00+05:30,3,25,9.236516,0.89554507,deployment_recommended
2024-04-02 07:00:00+05:30,3,25,4.7915382,0.887427,deployment_recommended
2024-04-02 08:00:00+05:30,3,25,4.999994,0.89854276,deployment_recommended
2024-04-02 09:00:00+05:30,3,25,13.495422,0.88942546,deployment_recommended
2024-04-02 10:00:00+05:30,3,25,9.637314,0.9035563,deployment_recommended
2024-04-02 11:00:00+05:30,3,25,8.001125,0.89234865,deployment_recommended
2024-04-02 12:00:00+05:30,3,25,6.489531,0.8752722,deployment_recommended
2024-04-02 13:00:00+05:30,3,25,4.0902004,0.85976243,deployment_recommended
2024-04-02 14:00:00+05:30,3,12,6.6263094,0.8767931,deployment_recommended
2024-04-02 15:00:00+05:30,3,6,1.7626672,0.89771026,deployment_recommended
2024-04-02 16:00:00+05:30,3,1,0.74936956,0.9196513,deployment_recommended
2024-04-02 17:00:00+05:30,3,0,,,no_deployment_recommended
2024-04-02 18:00:00+05:30,3,0,,,no_deployment_recommended
2024-04-02 19:00:00+05:30,3,0,,,no_deployment_recommended
2024-04-02 20:00:00+05:30,3,0,,,no_deployment_recommended
2024-04-02 21:00:00+05:30,3,0,,,no_deployment_recommended
2024-04-02 22:00:00+05:30,3,1,1.1305385,0.9099716,deployment_recommended
2024-04-02 23:00:00+05:30,3,1,0.6530726,0.9099716,deployment_recommended
2024-04-03 00:00:00+05:30,3,7,1.9553468,0.9193663,deployment_recommended
2024-04-03 01:00:00+05:30,3,17,4.3307695,0.9079976,deployment_recommended
2024-04-03 02:00:00+05:30,3,25,2.514282,0.88738877,deployment_recommended
2024-04-03 03:00:00+05:30,3,25,6.0667863,0.8405312,deployment_recommended
2024-04-03 04:00:00+05:30,3,25,3.7854161,0.87037855,deployment_recommended
2024-04-03 05:00:00+05:30,3,25,5.154673,0.87243974,deployment_recommended
2024-04-03 06:00:00+05:30,3,25,3.1375065,0.8883425,deployment_recommended
2024-04-03 07:00:00+05:30,3,25,7.371289,0.90238166,deployment_recommended
2024-04-03 08:00:00+05:30,3,25,4.9357367,0.9117295,deployment_recommended
2024-04-03 09:00:00+05:30,3,25,7.6951447,0.9054576,deployment_recommended
2024-04-03 10:00:00+05:30,3,25,6.2286396,0.9058254,deployment_recommended
2024-04-03 11:00:00+05:30,3,25,16.533428,0.902441,deployment_recommended
2024-04-03 12:00:00+05:30,3,25,6.0942674,0.91690546,deployment_recommended
2024-04-03 13:00:00+05:30,3,24,2.37354,0.8670914,deployment_recommended
2024-04-03 14:00:00+05:30,3,7,1.2688272,0.9021684,deployment_recommended
2024-04-03 15:00:00+05:30,3,1,1.5783106,0.9433137,deployment_recommended
2024-04-03 16:00:00+05:30,3,0,,,no_deployment_recommended
2024-04-03 17:00:00+05:30,3,0,,,no_deployment_recommended
2024-04-03 18:00:00+05:30,3,0,,,no_deployment_recommended
2024-04-03 19:00:00+05:30,3,0,,,no_deployment_recommended
2024-04-03 20:00:00+05:30,3,0,,,no_deployment_recommended
2024-04-03 21:00:00+05:30,3,0,,,no_deployment_recommended
2024-04-03 22:00:00+05:30,3,1,1.2891576,0.9099716,deployment_recommended
2024-04-03 23:00:00+05:30,3,1,2.8449094,0.8963227,deployment_recommended
2024-04-04 00:00:00+05:30,3,6,2.4395466,0.91701776,deployment_recommended
2024-04-04 01:00:00+05:30,3,17,4.0345793,0.9170696,deployment_recommended
2024-04-04 02:00:00+05:30,3,25,6.904656,0.9033243,deployment_recommended
2024-04-04 03:00:00+05:30,3,25,4.530099,0.8684265,deployment_recommended
2024-04-04 04:00:00+05:30,3,25,3.9101524,0.8682844,deployment_recommended
2024-04-04 05:00:00+05:30,3,25,4.6178865,0.87430334,deployment_recommended
2024-04-04 06:00:00+05:30,3,25,4.0179806,0.8893124,deployment_recommended
2024-04-04 07:00:00+05:30,3,25,3.3419123,0.8929117,deployment_recommended
2024-04-04 08:00:00+05:30,3,25,5.304576,0.8850812,deployment_recommended
2024-04-04 09:00:00+05:30,3,25,5.859069,0.89811,deployment_recommended
2024-04-04 10:00:00+05:30,3,25,10.777572,0.904085,deployment_recommended
2024-04-04 11:00:00+05:30,3,25,7.284421,0.89292586,deployment_recommended
2024-04-04 12:00:00+05:30,3,25,4.022149,0.88564116,deployment_recommended
2024-04-04 13:00:00+05:30,3,25,3.2611601,0.8585339,deployment_recommended
2024-04-04 14:00:00+05:30,3,14,2.3641038,0.9110282,deployment_recommended
2024-04-04 15:00:00+05:30,3,3,3.664465,0.8785638,deployment_recommended
2024-04-04 16:00:00+05:30,3,1,0.72579527,0.9433137,deployment_recommended
2024-04-04 17:00:00+05:30,3,2,0.6558003,0.940774,deployment_recommended
2024-04-04 18:00:00+05:30,3,0,,,no_deployment_recommended
2024-04-04 19:00:00+05:30,3,0,,,no_deployment_recommended
2024-04-04 20:00:00+05:30,3,0,,,no_deployment_recommended
2024-04-04 21:00:00+05:30,3,0,,,no_deployment_recommended
2024-04-04 22:00:00+05:30,3,0,,,no_deployment_recommended
2024-04-04 23:00:00+05:30,3,2,0.7291011,0.90314716,deployment_recommended
2024-04-05 00:00:00+05:30,3,6,1.6504498,0.72947675,deployment_recommended
2024-04-05 01:00:00+05:30,3,20,3.9043186,0.8643034,deployment_recommended
2024-04-05 02:00:00+05:30,3,25,6.198774,0.90041625,deployment_recommended
2024-04-05 03:00:00+05:30,3,25,6.639687,0.8760414,deployment_recommended
2024-04-05 04:00:00+05:30,3,25,7.423274,0.9009798,deployment_recommended
2024-04-05 05:00:00+05:30,3,25,3.9206982,0.8812085,deployment_recommended
2024-04-05 06:00:00+05:30,3,25,4.3438373,0.8773367,deployment_recommended
2024-04-05 07:00:00+05:30,3,25,3.10612,0.90657103,deployment_recommended
2024-04-05 08:00:00+05:30,3,25,4.9033513,0.9087211,deployment_recommended
2024-04-05 09:00:00+05:30,3,25,5.0863156,0.8848777,deployment_recommended
2024-04-05 10:00:00+05:30,3,25,10.4783325,0.8942574,deployment_recommended
2024-04-05 11:00:00+05:30,3,25,12.847744,0.89126205,deployment_recommended
2024-04-05 12:00:00+05:30,3,25,5.6939793,0.9106078,deployment_recommended
2024-04-05 13:00:00+05:30,3,25,2.7867908,0.8297346,deployment_recommended
2024-04-05 14:00:00+05:30,3,8,1.6636107,0.9098957,deployment_recommended
2024-04-05 15:00:00+05:30,3,2,1.288644,0.9228854,deployment_recommended
2024-04-05 16:00:00+05:30,3,0,,,no_deployment_recommended
2024-04-05 17:00:00+05:30,3,0,,,no_deployment_recommended
2024-04-05 18:00:00+05:30,3,0,,,no_deployment_recommended
2024-04-05 19:00:00+05:30,3,0,,,no_deployment_recommended
2024-04-05 20:00:00+05:30,3,0,,,no_deployment_recommended
2024-04-05 21:00:00+05:30,3,0,,,no_deployment_recommended
2024-04-05 22:00:00+05:30,3,0,,,no_deployment_recommended
2024-04-05 23:00:00+05:30,3,1,0.6357576,0.9099716,deployment_recommended
2024-04-06 00:00:00+05:30,3,6,2.154245,0.91701776,deployment_recommended
2024-04-06 01:00:00+05:30,3,15,6.201885,0.9216605,deployment_recommended
2024-04-06 02:00:00+05:30,3,25,4.9254856,0.91081697,deployment_recommended
2024-04-06 03:00:00+05:30,3,25,3.9516075,0.882136,deployment_recommended
2024-04-06 04:00:00+05:30,3,25,4.27678,0.89021146,deployment_recommended
2024-04-06 05:00:00+05:30,3,25,4.4553447,0.89130867,deployment_recommended
2024-04-06 06:00:00+05:30,3,25,3.5231729,0.9067644,deployment_recommended
2024-04-06 07:00:00+05:30,3,25,6.7252164,0.9032185,deployment_recommended
2024-04-06 08:00:00+05:30,3,25,7.227541,0.91066194,deployment_recommended
2024-04-06 09:00:00+05:30,3,25,8.792574,0.8950302,deployment_recommended
2024-04-06 10:00:00+05:30,3,25,7.541534,0.9001832,deployment_recommended
2024-04-06 11:00:00+05:30,3,25,7.2053366,0.8447512,deployment_recommended
2024-04-06 12:00:00+05:30,3,25,5.033111,0.9029707,deployment_recommended
2024-04-06 13:00:00+05:30,3,24,1.5922468,0.8969458,deployment_recommended
2024-04-06 14:00:00+05:30,3,16,1.7356074,0.9017934,deployment_recommended
2024-04-06 15:00:00+05:30,3,2,1.6046534,0.9383855,deployment_recommended
2024-04-06 16:00:00+05:30,3,1,1.036461,0.9503449,deployment_recommended
2024-04-06 17:00:00+05:30,3,0,,,no_deployment_recommended
2024-04-06 18:00:00+05:30,3,0,,,no_deployment_recommended
2024-04-06 19:00:00+05:30,3,0,,,no_deployment_recommended
2024-04-06 20:00:00+05:30,3,0,,,no_deployment_recommended
2024-04-06 21:00:00+05:30,3,0,,,no_deployment_recommended
2024-04-06 22:00:00+05:30,3,1,2.6466265,0.9099716,deployment_recommended
2024-04-06 23:00:00+05:30,3,1,1.0980939,0.9099716,deployment_recommended
2024-04-07 00:00:00+05:30,3,7,5.3140826,0.9193663,deployment_recommended
2024-04-07 01:00:00+05:30,3,21,7.6979604,0.90160125,deployment_recommended
2024-04-07 02:00:00+05:30,3,25,7.5026083,0.9007693,deployment_recommended
2024-04-07 03:00:00+05:30,3,25,5.138628,0.8776005,deployment_recommended
2024-04-07 04:00:00+05:30,3,25,4.807321,0.88556963,deployment_recommended
2024-04-07 05:00:00+05:30,3,25,4.3470774,0.8527448,deployment_recommended
2024-04-07 06:00:00+05:30,3,25,3.526816,0.8962426,deployment_recommended
2024-04-07 07:00:00+05:30,3,25,4.9165273,0.89253557,deployment_recommended
2024-04-07 08:00:00+05:30,3,25,4.810945,0.89647484,deployment_recommended
2024-04-07 09:00:00+05:30,3,25,9.535532,0.9014408,deployment_recommended
2024-04-07 10:00:00+05:30,3,25,10.712618,0.9033213,deployment_recommended
2024-04-07 11:00:00+05:30,3,25,13.212304,0.90639335,deployment_recommended
2024-04-07 12:00:00+05:30,3,25,3.7645285,0.8711382,deployment_recommended
2024-04-07 13:00:00+05:30,3,25,3.043196,0.8599824,deployment_recommended
2024-04-07 14:00:00+05:30,3,13,2.7988203,0.8824253,deployment_recommended
2024-04-07 15:00:00+05:30,3,5,2.0485048,0.8499562,deployment_recommended
2024-04-07 16:00:00+05:30,3,0,,,no_deployment_recommended
2024-04-07 17:00:00+05:30,3,0,,,no_deployment_recommended
2024-04-07 18:00:00+05:30,3,0,,,no_deployment_recommended
2024-04-07 19:00:00+05:30,3,0,,,no_deployment_recommended
2024-04-07 20:00:00+05:30,3,0,,,no_deployment_recommended
2024-04-07 21:00:00+05:30,3,0,,,no_deployment_recommended
2024-04-07 22:00:00+05:30,3,1,0.86534727,0.9099716,deployment_recommended
2024-04-07 23:00:00+05:30,3,3,1.9618201,0.9087241,deployment_recommended
2024-04-08 00:00:00+05:30,3,9,4.743881,0.9196845,deployment_recommended
2024-04-08 01:00:00+05:30,3,18,6.9638786,0.9163666,deployment_recommended
2024-04-08 02:00:00+05:30,3,25,7.910156,0.89338076,deployment_recommended
2024-04-08 03:00:00+05:30,3,25,7.2605953,0.8004545,deployment_recommended
2024-04-08 04:00:00+05:30,3,25,3.0066116,0.8714742,deployment_recommended
2024-04-08 05:00:00+05:30,3,25,5.3062506,0.88047516,deployment_recommended
2024-04-08 06:00:00+05:30,3,25,7.9367137,0.89201486,deployment_recommended
2024-04-08 07:00:00+05:30,3,25,6.112405,0.8857335,deployment_recommended
2024-04-08 08:00:00+05:30,3,25,5.1857815,0.89801097,deployment_recommended
2024-04-08 09:00:00+05:30,3,25,6.863603,0.9113527,deployment_recommended
2024-04-08 10:00:00+05:30,3,25,7.7927923,0.89088744,deployment_recommended
2024-04-08 11:00:00+05:30,3,25,12.101582,0.88387334,deployment_recommended
2024-04-08 12:00:00+05:30,3,25,8.890377,0.8691069,deployment_recommended
2024-04-08 13:00:00+05:30,3,25,3.8486974,0.87542295,deployment_recommended
2024-04-08 14:00:00+05:30,3,13,1.9195465,0.9029381,deployment_recommended
2024-04-08 15:00:00+05:30,3,5,1.5841098,0.91172683,deployment_recommended
2024-04-08 16:00:00+05:30,3,0,,,no_deployment_recommended
2024-04-08 17:00:00+05:30,3,0,,,no_deployment_recommended
2024-04-08 18:00:00+05:30,3,1,0.6671756,0.8822932,deployment_recommended
2024-04-08 19:00:00+05:30,3,1,1.5800514,0.8822932,deployment_recommended
2024-04-08 20:00:00+05:30,3,0,,,no_deployment_recommended
2024-04-08 21:00:00+05:30,3,0,,,no_deployment_recommended
2024-04-08 22:00:00+05:30,3,1,1.2841989,0.9099716,deployment_recommended
2024-04-08 23:00:00+05:30,3,3,0.7509932,0.9087241,deployment_recommended
